fuel_type, fuel_density, bbl_to_co2
F76, 1, 942.48, F76
Ethanol, 0.5934, 532.41573
LPG, 1.0549, 525.9341472
Methanol, 0.4989, 379.635564